{
    "image": "./input_json/arpes.png",
    "parameters": [
        {
            "alpha": -0.5263157894736843,
            "beta": 86.3157894736842,
            "P": 0.024736842105263158,
            "G": 0.045263157894736845,
            "C": 0.014210526315789474,
            "w0": -0.08947368421052632,
            "wc": 0.3684210526315789,
            "T": 0.0060526315789473685
        }
    ]
}